account_name,account_type,size_cad,leverage,exchange,daily_pnl,win_rate,max_drawdown,sharpe_ratio
MainDayUSDT,Day Trading,75600,20x,Bitget,166.08,0.644,0.166,2.52
HFTRisk,High-Frequency,63400,80x,Bitget,173.62,0.629,0.063,1.47
BTCPerpSwing,Swing Trading,51200,5x,Phemex,111.17,0.459,0.099,1.74
DeFiYield,Day Trading,31000,12x,Bitget,47.72,0.504,0.092,1.96
ETHQuant,Day Trading,29400,15x,Phemex,89.88,0.478,0.17,1.3
KrakenSwing,Swing Trading,64300,3x,Kraken,85.07,0.647,0.051,2.34
SpotMain,Spot,3900,N/A,Bitget,5.06,0.0,0.0,0.0
SpotMinor,Spot,1600,N/A,Kraken,7.15,0.0,0.0,0.0
PhemexHedge,Futures,55100,50x,Phemex,161.51,0.604,0.061,1.7
ArbitrageX,High-Frequency,27500,100x,Bitget,64.11,0.473,0.1,1.29
KrakenFutAlt,Futures,21500,10x,Kraken,63.97,0.512,0.099,2.22
LTCQuant,Day Trading,27500,25x,Phemex,53.02,0.578,0.068,2.2
