id,timestamp,account,exchange,type,asset,side,quantity,price,leverage,fee_cad,realized_pnl_cad,notes
1,2025-08-09 18:41,ETHQuant,Phemex,Trade,ETHUSDT,Long,3.88,2600.35,15x,5.04,337.23,Take Profit
2,2025-08-09 15:44,BTCPerpSwing,Phemex,Trade,BTCUSDT,Short,0.286,43079.61,5x,6.16,-78.2,Stop Loss
3,2025-08-09 20:01,DeFiYield,Bitget,Trade,AVAXUSDT,Short,602.9,2.1759,12x,0.66,42.39,Market TP/SL
4,2025-08-10 18:54,KrakenFutAlt,Kraken,Trade,AVAXUSDT,Short,462.0,0.8898,10x,0.21,96.26,Take Profit
5,2025-08-10 17:51,KrakenFutAlt,Kraken,Trade,ADAUSDT,Long,279.4,2.0488,10x,0.29,-20.97,Limit FOK
6,2025-08-10 18:43,KrakenFutAlt,Kraken,Trade,SOLUSDT,Long,173.0,1.742,10x,0.15,194.51,Take Profit
7,2025-08-10 09:36,KrakenSwing,Kraken,Trade,BTCUSDT,Short,0.188,43846.66,3x,4.12,-1.86,Limit FOK
8,2025-08-10 13:31,ArbitrageX,Bitget,Trade,BTCUSDT,Long,0.309,42326.5,100x,6.54,-65.92,Limit FOK
9,2025-08-10 14:31,MainDayUSDT,Bitget,Trade,SOLUSDT,Short,153.4,1.6215,20x,0.12,0.39,Stop Loss
10,2025-08-10 14:21,DeFiYield,Bitget,Trade,SOLUSDT,Short,245.3,2.2662,12x,0.28,140.28,Stop Loss
11,2025-08-11 12:58,KrakenFutAlt,Kraken,Trade,XRPUSDT,Long,194.7,0.4101,10x,0.04,-140.19,Take Profit
12,2025-08-11 17:32,BTCPerpSwing,Phemex,Trade,ETHUSDT,Long,4.07,2427.97,5x,4.94,-26.99,Take Profit
13,2025-08-11 15:30,PhemexHedge,Phemex,Trade,ETHUSDT,Short,0.77,2421.67,50x,0.93,-32.21,Market TP/SL
14,2025-08-12 22:11,BTCPerpSwing,Phemex,Trade,XRPUSDT,Short,819.0,1.799,5x,0.74,-160.75,Limit FOK
15,2025-08-12 11:19,ETHQuant,Phemex,Trade,SOLUSDT,Long,345.6,1.2429,15x,0.21,18.46,Take Profit
16,2025-08-12 22:24,KrakenSwing,Kraken,Trade,BTCUSDT,Short,0.427,44854.0,3x,9.58,178.86,Stop Loss
17,2025-08-12 17:35,KrakenFutAlt,Kraken,Trade,AVAXUSDT,Short,169.2,1.7816,10x,0.15,104.93,Limit FOK
18,2025-08-13 16:06,MainDayUSDT,Bitget,Trade,ADAUSDT,Long,187.0,1.2895,20x,0.12,132.51,Stop Loss
19,2025-08-13 22:29,MainDayUSDT,Bitget,Trade,BTCUSDT,Short,0.056,42630.13,20x,1.19,-77.18,Market TP/SL
20,2025-08-13 20:46,KrakenSwing,Kraken,Trade,AVAXUSDT,Long,893.1,2.0041,3x,0.89,1.3,Take Profit
21,2025-08-13 11:48,MainDayUSDT,Bitget,Trade,AVAXUSDT,Short,725.2,1.0581,20x,0.38,145.35,Take Profit
22,2025-08-13 13:23,MainDayUSDT,Bitget,Trade,XRPUSDT,Short,475.2,1.0548,20x,0.25,32.72,Limit FOK
23,2025-08-13 12:20,MainDayUSDT,Bitget,Trade,ADAUSDT,Long,576.6,2.9469,20x,0.85,50.66,Take Profit
